iter	TotalF1	MultiClass
0	0.564831325	-2.360110504
1	0.5864174863	-2.165352562
2	0.5941863872	-2.020704572
3	0.5981481721	-1.910297651
4	0.599272623	-1.81379296
5	0.6026573451	-1.733535784
6	0.6075153849	-1.663638946
7	0.6169242245	-1.601884425
8	0.617314865	-1.546513621
9	0.6193940867	-1.496218205
10	0.6221908566	-1.449680733
11	0.6231715142	-1.409692267
12	0.6247315692	-1.367975349
13	0.6272961531	-1.328988728
14	0.6350406371	-1.295108156
15	0.6419260773	-1.261370911
16	0.6446227754	-1.233139142
17	0.6480359503	-1.206517554
18	0.6758716332	-1.178598353
19	0.6808280831	-1.152319906
20	0.6888548687	-1.130510374
21	0.6963601769	-1.104258155
22	0.6997894334	-1.082825297
23	0.7036220148	-1.063377369
24	0.7036833701	-1.043624566
25	0.7100282614	-1.024941361
26	0.7135623037	-1.005131352
27	0.7170727222	-0.9887150235
28	0.7201812531	-0.9734637617
29	0.7221093814	-0.957110029
30	0.7256099997	-0.9402545888
31	0.7292628406	-0.9244348657
32	0.7321428314	-0.9114436443
33	0.732427702	-0.9000057184
34	0.7339975223	-0.8884470401
35	0.7345894567	-0.8759826233
36	0.7345540707	-0.8654952639
37	0.7359082919	-0.8541876378
38	0.7379499013	-0.8434610679
39	0.7393328479	-0.8341033653
40	0.7405670825	-0.8251095757
41	0.7412631611	-0.8153455723
42	0.7440147055	-0.8056475864
43	0.745533707	-0.7956481186
44	0.7470081094	-0.7870753712
45	0.7489663278	-0.777843901
46	0.7531069789	-0.7702275894
47	0.753881599	-0.7616273092
48	0.757482519	-0.754739694
49	0.7590042869	-0.7481575042
50	0.7610994601	-0.7392148691
51	0.7629052412	-0.7322759171
52	0.7649783335	-0.7266544538
53	0.7667133999	-0.7186315506
54	0.7686029067	-0.7130742597
55	0.7716658011	-0.7055228111
56	0.7726691061	-0.7006244456
57	0.7757285933	-0.6956842016
58	0.7778244218	-0.6886586272
59	0.7810263213	-0.6845079314
60	0.7833814519	-0.6805764413
61	0.7873429317	-0.6735955907
62	0.7885939963	-0.6673652393
63	0.7898065841	-0.6632539917
64	0.7907199735	-0.6588803036
65	0.7905243485	-0.6563099681
66	0.7923290521	-0.653106777
67	0.7941754089	-0.6505905661
68	0.7954191961	-0.6461053025
69	0.7979249326	-0.6401371466
70	0.798982014	-0.637239811
71	0.8002399525	-0.6339869782
72	0.8009200236	-0.6312742947
73	0.8022907693	-0.6266227553
74	0.8025638453	-0.6236148204
75	0.8044514654	-0.6192402689
76	0.8059001472	-0.6165211858
77	0.8071925627	-0.6143272916
78	0.8080090004	-0.6096869464
79	0.808653679	-0.6067669769
80	0.8098887803	-0.6033285438
81	0.810325813	-0.6018090498
82	0.812426738	-0.5977081104
83	0.812635328	-0.5936927512
84	0.8133426834	-0.5914643563
85	0.8137581613	-0.5878197456
86	0.8148050871	-0.5838658609
87	0.816632282	-0.5802279038
88	0.8176749822	-0.5784356281
89	0.8190896853	-0.5744758498
90	0.819435069	-0.5725329693
91	0.8205137802	-0.5704793471
92	0.8207845428	-0.5687545951
93	0.8220131692	-0.5659806001
94	0.8222494976	-0.5646303027
95	0.8225047291	-0.5627014927
96	0.8227301706	-0.5600221501
97	0.8233525279	-0.5582074491
98	0.8251001384	-0.5552736512
99	0.8253844173	-0.5534843561
100	0.8271347974	-0.5502313841
101	0.8278804378	-0.5479160395
102	0.8283354821	-0.5460239746
103	0.8287988435	-0.5436632417
104	0.8295856827	-0.5414844675
105	0.8299871554	-0.5398985748
106	0.8303276002	-0.5376280357
107	0.8307801424	-0.5362816718
108	0.8312904617	-0.5338407895
109	0.8322974038	-0.5318754058
110	0.8329819667	-0.5297886336
111	0.8335417679	-0.527476878
112	0.8339800575	-0.5254890108
113	0.8343160839	-0.5241583379
114	0.8351233854	-0.5222562526
115	0.8374147968	-0.5199509107
116	0.8378689691	-0.5188836502
117	0.838027406	-0.5175545009
118	0.8386711794	-0.5150067465
119	0.8390332305	-0.5139436171
120	0.83996515	-0.5113490771
121	0.8405376036	-0.5091653337
122	0.8410031373	-0.5067405823
123	0.8418768783	-0.5043059355
124	0.8422269337	-0.5024110726
125	0.8428528193	-0.500665645
126	0.8430952236	-0.4995308042
127	0.8433476444	-0.4984006738
128	0.8436928953	-0.4967791218
129	0.844056079	-0.4948269396
130	0.8458659094	-0.4923144916
131	0.8461447367	-0.4910977141
132	0.8465512218	-0.4893744254
133	0.8466351215	-0.4883351056
134	0.8471941477	-0.486697466
135	0.847997755	-0.4849726912
136	0.8485294317	-0.4835428069
137	0.8491004477	-0.4815389625
138	0.8494774975	-0.4801016363
139	0.8497238594	-0.4791642934
140	0.8500094928	-0.4771991702
141	0.8503577023	-0.4763779418
142	0.8506842828	-0.4749629464
143	0.8510168581	-0.4732869632
144	0.8514671568	-0.4720483228
145	0.8518486664	-0.4712349585
146	0.8520676855	-0.4701796909
147	0.8523549038	-0.4685374339
148	0.8525086382	-0.4673305413
149	0.8526891157	-0.4666612187
150	0.8531405511	-0.4648924542
151	0.8535077376	-0.4634063621
152	0.8538991022	-0.4622716784
153	0.854302374	-0.4605699514
154	0.8546099735	-0.4590188428
155	0.8548213835	-0.4580847589
156	0.8554006846	-0.4564018904
157	0.8555131835	-0.4557481132
158	0.8557296009	-0.4551158104
159	0.8559996967	-0.4539648277
160	0.8563097182	-0.4531541915
161	0.8564919807	-0.4519531405
162	0.8569826269	-0.4506762099
163	0.8572676644	-0.4496214833
164	0.8578026415	-0.4478281034
165	0.8577718528	-0.4470576668
166	0.8580641883	-0.4460277168
167	0.8583736292	-0.4447741335
168	0.8584220388	-0.4441059162
169	0.8587127398	-0.4430863275
170	0.8590991864	-0.4417123725
171	0.85909206	-0.4408282813
172	0.8595329898	-0.4397115256
173	0.8598284811	-0.4389807865
174	0.8602620026	-0.4377137879
175	0.8604171799	-0.4372127694
176	0.8606720548	-0.4365134385
177	0.8608405734	-0.4355859317
178	0.8609610161	-0.4347983057
179	0.8614549659	-0.4334056776
180	0.861827299	-0.4318813432
181	0.862023943	-0.4313818341
182	0.8623235855	-0.4304914211
183	0.8628639516	-0.4292575341
184	0.8632764342	-0.4286072819
185	0.8635033143	-0.427515477
186	0.8637341329	-0.4269416426
187	0.8640269405	-0.4261152993
188	0.8643712331	-0.4248777778
189	0.864554975	-0.4240190509
190	0.8650918764	-0.4223586052
191	0.865240911	-0.4216598497
192	0.8655415663	-0.4206085672
193	0.8656393496	-0.4201988484
194	0.8660530574	-0.4192045314
195	0.8661222358	-0.4186109006
196	0.8662704056	-0.4178217871
197	0.8664129241	-0.4171581449
198	0.8666092398	-0.416372429
199	0.8668399084	-0.4155352776
200	0.8670944112	-0.4144038617
201	0.8675783518	-0.4130956811
202	0.8677590777	-0.4126874138
203	0.8676524021	-0.4120679483
204	0.8680741678	-0.41119623
205	0.8681043628	-0.4108572455
206	0.86834882	-0.41002246
207	0.8685921348	-0.4092339485
208	0.8690663464	-0.4082159534
209	0.8692394926	-0.4073656173
210	0.8694467169	-0.4066187544
211	0.8695412271	-0.4062579625
212	0.8698721206	-0.4051207458
213	0.8700491695	-0.4044938118
214	0.8703173124	-0.4036705451
215	0.870469881	-0.4029920743
216	0.8705081542	-0.4024208547
217	0.8706793075	-0.4018953169
218	0.8711482681	-0.4008988262
219	0.8712886666	-0.3998739982
220	0.8716635012	-0.3987947329
221	0.8717216405	-0.3981455454
222	0.8719047449	-0.3975819521
223	0.8721176661	-0.3968003523
224	0.8722831661	-0.3961071758
225	0.8724292779	-0.3957225484
226	0.872579068	-0.3951297514
227	0.8727969284	-0.3945726094
228	0.8728302277	-0.3940600303
229	0.8731284513	-0.3930817235
230	0.8733658479	-0.3922205351
231	0.8735542665	-0.3917850443
232	0.8737333385	-0.3913641781
233	0.8739697159	-0.3906499093
234	0.8739572975	-0.3902135773
235	0.8741470466	-0.3894495147
236	0.8741587244	-0.3891008923
237	0.8742993496	-0.3885338559
238	0.8744930722	-0.3878415104
239	0.8746244231	-0.3873516768
240	0.8746457375	-0.3870364612
241	0.8747624508	-0.3864306101
242	0.8749220991	-0.3855226765
243	0.8750602729	-0.3849059814
244	0.8751039735	-0.3845626358
245	0.8753011717	-0.3839510477
246	0.8755186312	-0.3830438317
247	0.8757128842	-0.3823760097
248	0.8757955113	-0.3815998109
249	0.8759158315	-0.3810640072
250	0.8759269157	-0.3806985184
251	0.8761176013	-0.3801496499
252	0.8762234183	-0.3794675414
253	0.8763377488	-0.3789833168
254	0.8765126436	-0.3783264154
255	0.8765613954	-0.3779027825
256	0.8766223389	-0.3772808593
257	0.8768802908	-0.3764939262
258	0.8769180419	-0.3760685454
259	0.8770842976	-0.3756350174
260	0.8770843907	-0.375308492
261	0.8772326997	-0.3749823243
262	0.8774037807	-0.374467949
263	0.8774452971	-0.3740575222
264	0.877629573	-0.3736142
265	0.8777537706	-0.3729280078
266	0.8778651266	-0.3724893115
267	0.8780161482	-0.3720289551
268	0.878133626	-0.3715602808
269	0.8781858565	-0.3712901936
270	0.8782512794	-0.3707401634
271	0.8784279778	-0.3703396742
272	0.8784674933	-0.3699510721
273	0.8785515985	-0.3694757939
274	0.8787456463	-0.3688958997
275	0.8788517596	-0.3685577909
276	0.8789323787	-0.36818393
277	0.8790865562	-0.3675468705
278	0.8792273788	-0.3670297104
279	0.8793377948	-0.3666444187
280	0.879520813	-0.3661779198
281	0.8795783674	-0.3657448705
282	0.8796615969	-0.365453557
283	0.8798872946	-0.3648713954
284	0.8799351163	-0.3644034515
285	0.8799974894	-0.3638847859
286	0.8801511021	-0.3634380931
287	0.8802853326	-0.3630115387
288	0.8803772203	-0.3626570597
289	0.8804674676	-0.3622448249
290	0.8805645434	-0.361808359
291	0.8806947548	-0.3613585163
292	0.8807542108	-0.3609779715
293	0.8808016747	-0.3604757372
294	0.8808612544	-0.3602292053
295	0.8809418675	-0.3598856184
296	0.8811201534	-0.3593044464
297	0.8811848723	-0.3588431713
298	0.8813393987	-0.3582519034
299	0.8814374013	-0.3580102459
300	0.8815899622	-0.3575260278
301	0.8816659288	-0.3571704217
302	0.8816452289	-0.3568986338
303	0.8817800374	-0.3563859636
304	0.8819716008	-0.3559520131
305	0.8820741721	-0.3556178623
306	0.8820513432	-0.3550666638
307	0.8822189375	-0.3546980201
308	0.8823611728	-0.3541645065
309	0.8824556328	-0.3539202801
310	0.8824424258	-0.3536432277
311	0.8825393346	-0.3532461862
312	0.8825813182	-0.3529948843
313	0.8827231048	-0.3525593758
314	0.8827746109	-0.3521758262
315	0.8829205839	-0.3517787863
316	0.8829702724	-0.3513257753
317	0.8830685976	-0.3509464638
318	0.8833611955	-0.3504430311
319	0.8834601936	-0.3500148426
320	0.8834772167	-0.3496942994
321	0.8837710506	-0.3491896146
322	0.883938411	-0.3488171805
323	0.8839636089	-0.3484121522
324	0.8840854419	-0.3480521981
325	0.8841185262	-0.347787737
326	0.8841569639	-0.3474193087
327	0.8842475778	-0.3471259483
328	0.8842668384	-0.3469201592
329	0.8843504566	-0.3465879128
330	0.8843863056	-0.3464075973
331	0.8845242043	-0.3460966763
332	0.884577023	-0.3457925523
333	0.8846456893	-0.3455303488
334	0.8846542618	-0.3452758862
335	0.8847525492	-0.3448510105
336	0.8848403232	-0.344526927
337	0.8850112461	-0.3441086323
338	0.8851286119	-0.3436284007
339	0.8852571691	-0.3432335618
340	0.8853597023	-0.3428673969
341	0.8854248113	-0.3426431663
342	0.8854941113	-0.3423876557
343	0.885564417	-0.3420582427
344	0.8856745294	-0.3417480429
345	0.8858919689	-0.3413968059
346	0.8859113274	-0.3412191832
347	0.8860181366	-0.3408678875
348	0.8859704855	-0.340626132
349	0.8861491591	-0.3400160326
350	0.8863477927	-0.3396089063
351	0.8863537099	-0.3394576182
352	0.8863838106	-0.3392737105
353	0.8865386059	-0.3389320298
354	0.8866633011	-0.3385004162
355	0.8867101033	-0.3382575148
356	0.8868826402	-0.337961945
357	0.8869869819	-0.337572025
358	0.8869619731	-0.3372253798
359	0.887039306	-0.3369283688
360	0.887082012	-0.3367068107
361	0.8872214498	-0.3362858304
362	0.8873247333	-0.3360955972
363	0.8873260523	-0.3358439483
364	0.8873700192	-0.3355763748
365	0.8874284022	-0.3353114618
366	0.8875398	-0.3349516532
367	0.8875580546	-0.3347306426
368	0.8876625305	-0.3344955905
369	0.8876952043	-0.3342750188
370	0.8877427309	-0.3339288692
371	0.8878493025	-0.3337113456
372	0.8879091987	-0.3334595514
373	0.8880107349	-0.3331752685
374	0.8880542361	-0.3330183832
375	0.8881975224	-0.3326209737
376	0.8883784609	-0.3324049247
377	0.8884051119	-0.3321447754
378	0.8885309368	-0.3318807957
379	0.8886210695	-0.3315416837
380	0.8886421503	-0.331177163
381	0.8887836735	-0.3308150835
382	0.8888291758	-0.3305498956
383	0.888833154	-0.3303653838
384	0.8888523579	-0.3300452591
385	0.8889761695	-0.3295656209
386	0.8890989751	-0.3292560318
387	0.8891570551	-0.3289931947
388	0.8892337071	-0.3287387435
389	0.8892557169	-0.3285140055
390	0.8893701921	-0.3282047656
391	0.8893976024	-0.327908491
392	0.8894694315	-0.3276435921
393	0.8895207119	-0.3274519987
394	0.8895349076	-0.3271599091
395	0.8896023132	-0.326968365
396	0.8897062218	-0.3267493049
397	0.8897592559	-0.3264315616
398	0.889808047	-0.3261918408
399	0.8898490422	-0.3259302458
400	0.8899654976	-0.3257235925
401	0.8899708182	-0.3254771878
402	0.8900559633	-0.3251624137
403	0.890187033	-0.3249180669
404	0.8903144514	-0.3247068468
405	0.8903436673	-0.3245422323
406	0.8903876427	-0.3243147034
407	0.8904271676	-0.3240386683
408	0.8904952778	-0.3237875917
409	0.8905868245	-0.3235270566
410	0.8907375967	-0.3231644862
411	0.8908513867	-0.3229256
412	0.8909259863	-0.3226993197
413	0.8910343791	-0.3224957393
414	0.8911236023	-0.3222990106
415	0.8911882292	-0.3220495825
416	0.891292265	-0.32179072
417	0.891327868	-0.3214780779
418	0.8913876405	-0.321238796
419	0.8914829635	-0.3209044756
420	0.8916154406	-0.3205602927
421	0.891629744	-0.3204424107
422	0.8917217087	-0.3199995755
423	0.8917813633	-0.3197527168
424	0.8918260543	-0.3196249093
425	0.8918726415	-0.3192864678
426	0.8919156471	-0.3190934597
427	0.8919878544	-0.3188731403
428	0.892025913	-0.318664459
429	0.8920765057	-0.3183493481
430	0.8921229285	-0.3181671311
431	0.8922749276	-0.3178004523
432	0.8923582295	-0.3175744082
433	0.8923878967	-0.3172429787
434	0.8924742353	-0.3170529137
435	0.8925031198	-0.3168257674
436	0.8925548787	-0.3165905223
437	0.8926812026	-0.3164007414
438	0.8927419196	-0.3160787252
439	0.8928103039	-0.3159326784
440	0.8928612968	-0.3157446012
441	0.8929088395	-0.3155670133
442	0.8930008146	-0.3154113336
443	0.8930193625	-0.3153037105
444	0.8931391589	-0.3150862499
445	0.8931804696	-0.314893392
446	0.8932585712	-0.314532472
447	0.8932833748	-0.3143799309
448	0.8933697476	-0.3141761434
449	0.8933910863	-0.314029443
450	0.8935544859	-0.3137194281
451	0.8935835098	-0.3135455742
452	0.8936295414	-0.3133521657
453	0.8936595261	-0.313059553
454	0.8937342039	-0.3129507204
455	0.8937824588	-0.3127232548
456	0.8938379972	-0.3123796097
457	0.8937985286	-0.3120956107
458	0.8938127651	-0.311956597
459	0.8939041513	-0.3117503145
460	0.8939931044	-0.3114074919
461	0.8940172039	-0.311241588
462	0.8940975662	-0.3110457113
463	0.8941807256	-0.3107599824
464	0.8941740097	-0.3106551399
465	0.8942318877	-0.3103856148
466	0.8942767595	-0.3102613667
467	0.8943398495	-0.3100684339
468	0.8943720603	-0.3099226869
469	0.894509321	-0.3095882737
470	0.8945304869	-0.309330126
471	0.8945635759	-0.3090729179
472	0.8946357072	-0.3089026812
473	0.8947100324	-0.3087287597
474	0.8947544397	-0.3085482558
475	0.8947914462	-0.3084172491
476	0.8948272946	-0.3082550834
477	0.8948751737	-0.3080840709
478	0.8949417133	-0.3079303337
479	0.8950734192	-0.3076892314
480	0.8950858744	-0.3075281731
481	0.895067471	-0.3072795631
482	0.8951214378	-0.3071609293
483	0.8952092427	-0.306888791
484	0.8952900737	-0.3067192555
485	0.8953226465	-0.3066115449
486	0.8953776093	-0.3063902417
487	0.8954630657	-0.3062038788
488	0.8955491352	-0.3060323311
489	0.8955702401	-0.3057951168
490	0.8955940334	-0.3056491007
491	0.895704703	-0.3054220904
492	0.8957367548	-0.3053131556
493	0.8957332098	-0.3051738494
494	0.8957639541	-0.3049466225
495	0.8958271478	-0.3048419857
496	0.8958574154	-0.3046353776
497	0.8959062665	-0.3044894764
498	0.895882073	-0.304363675
499	0.8959504129	-0.3041595134
500	0.8959846635	-0.3040655017
501	0.8960266963	-0.3038394393
502	0.8960747188	-0.3037368736
503	0.8961836319	-0.3035726275
504	0.8961733805	-0.3033705939
505	0.8962795296	-0.3031969081
506	0.8963047706	-0.30311633
507	0.8963095871	-0.3029347972
508	0.8963505823	-0.3027936635
509	0.8964057711	-0.3025903465
510	0.8964605697	-0.302537605
511	0.8965300303	-0.3023703665
512	0.8965797306	-0.3021831896
513	0.8966225788	-0.302036995
514	0.8967606796	-0.3017837157
515	0.8968542004	-0.3015843105
516	0.8969223835	-0.3013896471
517	0.8969239014	-0.3012856535
518	0.8970088967	-0.3011018783
519	0.8970052042	-0.3010106805
520	0.897036749	-0.3008147216
521	0.8970239509	-0.3007133527
522	0.8971204732	-0.3005384129
523	0.8971415023	-0.300299019
524	0.8972084612	-0.3000781292
525	0.8972333245	-0.2999920099
526	0.897308054	-0.2998332523
527	0.8973121356	-0.2998330491
528	0.897325285	-0.2996995781
529	0.8973994934	-0.2995379634
530	0.8973740026	-0.2994183175
531	0.8974247684	-0.2992675869
532	0.897500954	-0.2991372362
533	0.8975358221	-0.2990091152
534	0.8976138417	-0.2988200479
535	0.8976565594	-0.298571631
536	0.8976861698	-0.2984064293
537	0.8978007012	-0.2982051687
538	0.8978275171	-0.2980473456
539	0.8978752701	-0.2979333435
540	0.8978890668	-0.2977432597
541	0.8979458894	-0.2976448122
542	0.8979653082	-0.2974329595
543	0.8980361449	-0.2972360018
544	0.8980585953	-0.2970801334
545	0.8981201646	-0.296946482
546	0.8981401516	-0.2969168542
547	0.8981980775	-0.2965795938
548	0.8982062016	-0.2964623697
549	0.898256997	-0.296362066
550	0.8983030226	-0.2961298911
551	0.8982959481	-0.2960152822
552	0.8983384379	-0.295897515
553	0.8984027838	-0.2957392892
554	0.8983867536	-0.295639569
555	0.8984207664	-0.2954782279
556	0.8984501096	-0.2953684179
557	0.898511559	-0.2952299253
558	0.8985154629	-0.29506452
559	0.8986061698	-0.2947852905
560	0.8986830275	-0.29461481
561	0.8987471792	-0.2944684324
562	0.8988859448	-0.2941037722
563	0.8988981414	-0.2940020759
564	0.8990040348	-0.2937664008
565	0.8990404354	-0.2935730399
566	0.8990242272	-0.2934964844
567	0.8991097039	-0.2933784697
568	0.8991306651	-0.2932577273
569	0.8991549357	-0.2931408602
570	0.899239046	-0.292987333
571	0.8992310233	-0.2929165867
572	0.8993603918	-0.2927632302
573	0.8993456997	-0.2926363628
574	0.8994173199	-0.2924949529
575	0.8994586287	-0.2923482231
576	0.8994830563	-0.2922819351
577	0.8994659523	-0.2920639125
578	0.8995172086	-0.2919405142
579	0.8995621901	-0.2918704325
580	0.8995951723	-0.2916610681
581	0.8996424109	-0.2915478914
582	0.8996647644	-0.2914641769
583	0.8996946324	-0.2912941782
584	0.8997380383	-0.2912180288
585	0.8998007981	-0.290990864
586	0.899851541	-0.2908195681
587	0.8998618312	-0.2906375796
588	0.8999532588	-0.2905475911
589	0.8999550749	-0.2903532916
590	0.9000155727	-0.2901872442
591	0.9000239542	-0.2900746125
592	0.9000816083	-0.2898417044
593	0.9001250099	-0.2897495572
594	0.9001564371	-0.2896085734
595	0.9001597954	-0.2895149411
596	0.9001925711	-0.2893972138
597	0.9001907457	-0.2893193573
598	0.9002840098	-0.2890618384
599	0.9003128864	-0.2889842131
600	0.9003587364	-0.2889333824
601	0.9003491595	-0.2888683512
602	0.9003964157	-0.28873825
603	0.9004564646	-0.2885739814
604	0.9004712958	-0.2884933145
605	0.9005713436	-0.2883798846
606	0.900604776	-0.2881995509
607	0.9006305351	-0.2880904861
608	0.9006300201	-0.2879855015
609	0.9006637841	-0.2878403288
610	0.9007497153	-0.2876757502
611	0.9007709101	-0.2875582228
612	0.9008196751	-0.2874690845
613	0.9008750435	-0.2873229741
614	0.9008936919	-0.2872394008
615	0.9009437078	-0.2870805832
616	0.9009386848	-0.2869473336
617	0.9009824706	-0.28681456
618	0.9010418946	-0.286678077
619	0.9010867612	-0.2865774036
620	0.9011250981	-0.2864969445
621	0.901138873	-0.2863897605
622	0.9011723567	-0.2863259879
623	0.9012360711	-0.286194293
624	0.9012624087	-0.2860599225
625	0.9013456084	-0.2859871415
626	0.9013871391	-0.285890798
627	0.901409526	-0.2857989358
628	0.9014426451	-0.285708808
629	0.9014675879	-0.2855927182
630	0.901467743	-0.2855059541
631	0.9015068081	-0.2854082806
632	0.9015215736	-0.2852919567
633	0.9016121265	-0.285094914
634	0.9016758699	-0.2849336677
635	0.9016900018	-0.2848390924
636	0.9016639789	-0.2847915802
637	0.9017297477	-0.2845835009
638	0.9017596413	-0.2844596923
639	0.9017897188	-0.284308771
640	0.9018448047	-0.2841860492
641	0.9018865592	-0.284112032
642	0.9019236129	-0.2839733736
643	0.901946219	-0.2838264964
644	0.9020394805	-0.2837125842
645	0.9020682736	-0.2835806293
646	0.9020828306	-0.2834516815
647	0.9021154492	-0.2833730864
648	0.9021487823	-0.2832468134
649	0.9021633748	-0.2831504871
650	0.9022021153	-0.2830640334
651	0.9022407978	-0.2829852433
652	0.9023025571	-0.282831139
653	0.902313619	-0.2827328872
654	0.9023100363	-0.282639431
655	0.9023047294	-0.2825811776
656	0.9023727433	-0.2824864391
657	0.9023723928	-0.2823781074
658	0.902379656	-0.282283417
659	0.902435985	-0.2821316042
660	0.902448162	-0.2820293439
661	0.9025384885	-0.2818471563
662	0.9026135439	-0.2816752459
663	0.9026459359	-0.2816477193
664	0.9026597056	-0.2815169918
665	0.9027341574	-0.2812497411
666	0.9027535991	-0.2811405974
667	0.9027869485	-0.281068984
668	0.902799916	-0.2809899924
669	0.9028156308	-0.2809151214
670	0.9028671291	-0.2807980914
671	0.9029006094	-0.2806735021
672	0.9029175645	-0.2805801003
673	0.9029463767	-0.2804901551
674	0.9029902779	-0.2803694512
675	0.9030166392	-0.280271393
676	0.9029933882	-0.2801431069
677	0.9030683801	-0.2801078941
678	0.9030747801	-0.2800552086
679	0.9031020727	-0.2799716459
680	0.9031566429	-0.2798145668
681	0.9031758896	-0.2797377264
682	0.9032089913	-0.2796747773
683	0.9032174785	-0.2796723848
684	0.9032418442	-0.2795714941
685	0.9033112224	-0.2794842459
686	0.9033368316	-0.2794317199
687	0.9033500769	-0.2793785352
688	0.903372917	-0.2792948436
689	0.9034064798	-0.2791985633
690	0.9033840645	-0.2791204673
691	0.9034713505	-0.2789540982
692	0.9035203164	-0.2789066794
693	0.9035335976	-0.2787757515
694	0.9035530622	-0.27866538
695	0.9036052222	-0.2785423731
696	0.9035964641	-0.2784337934
697	0.903594315	-0.2784033145
698	0.9036404011	-0.278254347
699	0.9037043393	-0.2781570848
700	0.9037466925	-0.2781096396
701	0.9037659591	-0.2779877745
702	0.9038017036	-0.27781645
703	0.903794305	-0.2777589263
704	0.9038403273	-0.2776016875
705	0.903847345	-0.277549629
706	0.9039112438	-0.277375165
707	0.9039091819	-0.2773398044
708	0.9039814914	-0.2772117019
709	0.9040141184	-0.2770735269
710	0.9040567759	-0.2770053736
711	0.904100115	-0.2769088675
712	0.9041259259	-0.2767674455
713	0.9041648885	-0.2766408912
714	0.9042469858	-0.2765446712
715	0.9042506597	-0.276496005
716	0.9042672995	-0.2763760283
717	0.9043171772	-0.2762343898
718	0.9043730634	-0.2761887085
719	0.9043609867	-0.2761440717
720	0.9043902434	-0.2760300153
721	0.904409159	-0.2759273439
722	0.9044930898	-0.2757037936
723	0.9045175985	-0.2756288296
724	0.9045232298	-0.2755353669
725	0.9045960678	-0.2754181007
726	0.9046259657	-0.2753814001
727	0.9046411229	-0.2752774269
728	0.9046374793	-0.2752413752
729	0.9047076147	-0.2751671772
730	0.9047315603	-0.2750559693
731	0.9047617068	-0.2748834549
732	0.9048130356	-0.274693252
733	0.9047902359	-0.2746118956
734	0.9048590688	-0.2744405714
735	0.9049111648	-0.2742820881
736	0.9049511646	-0.2741531723
737	0.9049723765	-0.2740877545
738	0.9050148186	-0.2738938851
739	0.9049848798	-0.2738212627
740	0.9050197061	-0.273749391
741	0.9050593591	-0.2736474356
742	0.9050411787	-0.2735071274
743	0.9050610966	-0.2734255455
744	0.9050776026	-0.2733813362
745	0.9051111976	-0.2733266272
746	0.9051349612	-0.27324463
747	0.9051707127	-0.2731556165
748	0.9051858322	-0.2730939197
749	0.9052205769	-0.2730284491
750	0.9052653431	-0.2729238552
751	0.9052800573	-0.2727950741
752	0.9053430091	-0.2727004386
753	0.9053589344	-0.2726464525
754	0.9054473523	-0.2724609364
755	0.905478025	-0.2723661917
756	0.9055252496	-0.2722507891
757	0.905555602	-0.2720905482
758	0.9055737626	-0.2720134759
759	0.905635753	-0.2718834736
760	0.9056939957	-0.2718131051
761	0.9056760043	-0.2717197189
762	0.9057081644	-0.2716450091
763	0.9057617569	-0.2715504161
764	0.9058000033	-0.2714399054
765	0.9058172823	-0.2713668934
766	0.9058527482	-0.2712861812
767	0.9058344342	-0.271182887
768	0.905888773	-0.2710890756
769	0.9058876352	-0.2710495675
770	0.9058983761	-0.2709885042
771	0.9059242241	-0.2708801114
772	0.9059565328	-0.2708053286
773	0.9059516624	-0.2707465647
774	0.905949559	-0.2707464926
775	0.9059784388	-0.2706941029
776	0.9060207637	-0.2705803533
777	0.9060263221	-0.2704660333
778	0.9060594722	-0.2704211069
779	0.906117028	-0.2703129466
780	0.9061808507	-0.2702101413
781	0.9062200048	-0.2701286984
782	0.9062150045	-0.2700737916
783	0.9063035332	-0.2699158534
784	0.9063134238	-0.2698144832
785	0.9063823852	-0.2697597573
786	0.906404457	-0.2696770809
787	0.9064065103	-0.2695795405
788	0.906397181	-0.269461187
789	0.9064473086	-0.2693672951
790	0.9064276521	-0.2693120857
791	0.9064844184	-0.2692290333
792	0.9065437384	-0.2690914853
793	0.9065585369	-0.2690432552
794	0.9065416113	-0.2689526764
795	0.9066191988	-0.268822932
796	0.9066436221	-0.2687418
797	0.9066655803	-0.2686947986
798	0.906705085	-0.2686209563
799	0.9067243335	-0.268553507
800	0.9067343501	-0.2685013987
801	0.9067567971	-0.2684488246
802	0.9067887505	-0.2683836569
803	0.906785978	-0.2683183162
804	0.9067973085	-0.2682985898
805	0.9067971045	-0.2682984395
806	0.906842441	-0.2681914773
807	0.9068537627	-0.268103747
808	0.9068746969	-0.2681029034
809	0.9069358928	-0.2679567259
810	0.9069607288	-0.2678924871
811	0.9069805702	-0.2678114119
812	0.9070564025	-0.2677300193
813	0.9070764013	-0.2676491912
814	0.907101681	-0.2675339003
815	0.9071163345	-0.2674855082
816	0.9071322903	-0.2673615762
817	0.9071111558	-0.2672926871
818	0.9071720852	-0.2672203346
819	0.9072003995	-0.2671314307
820	0.9072273632	-0.2670167029
821	0.9072343918	-0.2669626874
822	0.9072585823	-0.2669152301
823	0.9072999103	-0.266772703
824	0.9073210797	-0.2667020433
825	0.9072982979	-0.2665722683
826	0.9073842799	-0.266486126
827	0.9073964298	-0.2663736977
828	0.9074366633	-0.266243964
829	0.90747519	-0.2661764145
830	0.9074790925	-0.266176334
831	0.90747755	-0.2660935947
832	0.9074834134	-0.2660401542
833	0.9075096065	-0.2659488478
834	0.9076100506	-0.2657964086
835	0.9075797201	-0.2657264793
836	0.9075843699	-0.2656856421
837	0.9076249487	-0.265577516
838	0.9076512536	-0.2654958891
839	0.9076427473	-0.2654931145
840	0.9076867777	-0.2653332704
841	0.9077588704	-0.2652194803
842	0.9077593526	-0.2651417744
843	0.9077866368	-0.2650723729
844	0.9078440122	-0.2649634223
845	0.9078415813	-0.2648848786
846	0.9078690087	-0.2648068293
847	0.9078892482	-0.2647156166
848	0.9078984106	-0.2646154431
849	0.9079266891	-0.2645343591
850	0.9079777729	-0.2644783234
851	0.9080001136	-0.2643480049
852	0.908037784	-0.264286403
853	0.9080361753	-0.2641662268
854	0.9080262098	-0.2640665058
855	0.9080446867	-0.2640047031
856	0.9080744695	-0.2638876214
857	0.9081646805	-0.2637422038
858	0.9081875454	-0.2636312086
859	0.9082153538	-0.263572549
860	0.9082321391	-0.2634841127
861	0.9082321119	-0.2634299388
862	0.9082536897	-0.2633925772
863	0.9082777702	-0.2633370637
864	0.908268829	-0.2632990957
865	0.9083271006	-0.2632279495
866	0.908375738	-0.2630833168
867	0.9083764442	-0.2629694537
868	0.9084171653	-0.2629104645
869	0.9084425077	-0.2628366428
870	0.9084405515	-0.2628365481
871	0.9084617004	-0.2627807418
872	0.90845917	-0.2627558788
873	0.9084728854	-0.2627283451
874	0.9084650986	-0.2627202778
875	0.9085410699	-0.262618157
876	0.9085534064	-0.2625607916
877	0.9085573535	-0.262501882
878	0.9085897353	-0.2624403276
879	0.9087031599	-0.262307501
880	0.9087268594	-0.2622719916
881	0.908733896	-0.2621836125
882	0.9087414156	-0.2621389055
883	0.9087454718	-0.2621388181
884	0.9087559035	-0.2620969257
885	0.9087784089	-0.2620205963
886	0.9087784089	-0.2620205464
887	0.9088046275	-0.2619390559
888	0.908822853	-0.2618738885
889	0.9088605949	-0.2618007632
890	0.9088705248	-0.261763044
891	0.9088685227	-0.261762979
892	0.9088703428	-0.2616756788
893	0.9088997341	-0.2616147389
894	0.9089099249	-0.2615505293
895	0.9089382609	-0.2615154838
896	0.9089425433	-0.2613724607
897	0.9089607216	-0.2613287604
898	0.9090248571	-0.2612298995
899	0.9090628082	-0.261170043
900	0.9090952374	-0.2610965529
901	0.9091095767	-0.2609815931
902	0.9091071836	-0.2609475979
903	0.9091312777	-0.2608734147
904	0.9091781996	-0.2607807158
905	0.9092336181	-0.2607177659
906	0.9092242544	-0.2606649075
907	0.9092778291	-0.2606079434
908	0.9092776919	-0.26055792
909	0.9092959955	-0.2604721574
910	0.909271443	-0.2604362961
911	0.9092911156	-0.2603647925
912	0.9093101394	-0.2603026096
913	0.9093583616	-0.260246339
914	0.909366828	-0.2602134339
915	0.9093796352	-0.260149888
916	0.9093922604	-0.2600822232
917	0.9094081145	-0.2599898688
918	0.9094396351	-0.2599491897
919	0.909431661	-0.2598910527
920	0.9094217463	-0.2598897709
921	0.9093970386	-0.259852207
922	0.9094494256	-0.2597120357
923	0.9094494256	-0.2597119489
924	0.9094571503	-0.2596704654
925	0.9094340323	-0.2596243922
926	0.9094603193	-0.2595740231
927	0.9094667759	-0.2595168012
928	0.9094782424	-0.2594282481
929	0.90950152	-0.2593670756
930	0.9095123774	-0.2593306681
931	0.9095140044	-0.2592782077
932	0.9095118979	-0.259278144
933	0.909533816	-0.2592378394
934	0.9095506571	-0.2592037395
935	0.9095335866	-0.2591790167
936	0.9095557184	-0.2591181918
937	0.9095406925	-0.2590688016
938	0.9096167159	-0.2590067592
939	0.9096232513	-0.2589175575
940	0.9096189099	-0.2589175008
941	0.9095853473	-0.2588778698
942	0.9096078887	-0.258775763
943	0.9096060031	-0.2587756298
944	0.9096430545	-0.2587217378
945	0.9096682232	-0.2586763915
946	0.909721185	-0.2585243488
947	0.9097713989	-0.2584245285
948	0.9097577568	-0.2583673625
949	0.9097454092	-0.2583463566
950	0.909782776	-0.2582891313
951	0.9098010861	-0.2582214833
952	0.9098008074	-0.2582198999
953	0.9098561081	-0.258162153
954	0.9098436428	-0.258110175
955	0.9099170596	-0.2579917559
956	0.909921534	-0.257948788
957	0.9099345412	-0.2578741061
958	0.909954787	-0.2578305665
959	0.9099675542	-0.2578068962
960	0.9099379568	-0.257744262
961	0.9099667858	-0.2576946999
962	0.9099653677	-0.2576789363
963	0.9099644951	-0.2576375316
964	0.9100227385	-0.257583669
965	0.9100276472	-0.2575404093
966	0.9100787025	-0.2574554635
967	0.9100879572	-0.2573629672
968	0.9101349967	-0.2573067656
969	0.9101274772	-0.2572695282
970	0.9101519947	-0.2572034149
971	0.9101222352	-0.2571495507
972	0.9101850655	-0.2570816039
973	0.9101672256	-0.2570415284
974	0.9101969252	-0.2569931302
975	0.9102134545	-0.256965571
976	0.9102081081	-0.2569654649
977	0.9102336157	-0.2569139091
978	0.9102177096	-0.256882068
979	0.9102177096	-0.2568819854
980	0.910219086	-0.2567977106
981	0.9102441292	-0.2567453202
982	0.9102744942	-0.2566680056
983	0.9102698604	-0.25661775
984	0.9102678978	-0.2565175661
985	0.9102861467	-0.256424425
986	0.9102967887	-0.2563670897
987	0.9103093995	-0.2563430168
988	0.9103363291	-0.2563023386
989	0.9103267088	-0.2562631313
990	0.9103475234	-0.2561563071
991	0.9103940503	-0.2561026737
992	0.9103940503	-0.2561026159
993	0.9104294224	-0.2560339181
994	0.9104352352	-0.2559956494
995	0.9104524352	-0.2559260131
996	0.9104861936	-0.2558714091
997	0.9104994716	-0.2558473839
998	0.910491901	-0.2558076325
999	0.9105412191	-0.2557683278
1000	0.9105527342	-0.2556995158
1001	0.9105774019	-0.2556683922
1002	0.9105594382	-0.2556207051
1003	0.9105828285	-0.2555485348
1004	0.9106548036	-0.2554852699
1005	0.9106490521	-0.2554583503
1006	0.910696444	-0.2554174822
1007	0.9107126681	-0.2553743532
1008	0.9107107551	-0.255334336
1009	0.9107497732	-0.2553132424
1010	0.9107635283	-0.2552737361
1011	0.9107875769	-0.2551550043
1012	0.9107830969	-0.2551366658
1013	0.910800828	-0.2550935465
1014	0.9108051979	-0.2550768207
1015	0.9108268954	-0.2550002857
1016	0.9108545238	-0.2549633186
1017	0.9108628672	-0.254952798
1018	0.9108586017	-0.25495272
1019	0.9108629931	-0.2549268887
1020	0.9108519122	-0.2548579495
1021	0.9108547249	-0.2548255758
1022	0.9108771067	-0.2547829387
1023	0.9109232977	-0.2547217406
1024	0.9109233553	-0.2547216962
1025	0.9109495588	-0.2546224264
1026	0.9109891643	-0.2545692078
1027	0.9110114539	-0.2545264592
1028	0.911028816	-0.2544955809
1029	0.9110799277	-0.2543845229
1030	0.911096868	-0.2543498005
1031	0.9110969928	-0.2542996935
1032	0.9111285003	-0.2542341234
1033	0.9111397444	-0.2541668653
1034	0.9111391243	-0.2541302918
1035	0.9111392309	-0.2541302537
1036	0.9111595853	-0.2540558327
1037	0.9111823675	-0.2540152324
1038	0.9111915098	-0.2540089276
1039	0.9111844124	-0.2539565321
1040	0.9111799523	-0.2539116518
1041	0.9111958524	-0.2538167517
1042	0.9111922115	-0.253762073
1043	0.9112159236	-0.2537219439
1044	0.9112254046	-0.2536708174
1045	0.9112260956	-0.253621865
1046	0.9112634725	-0.2535885188
1047	0.9112571447	-0.25352562
1048	0.9112569829	-0.2534219443
1049	0.9112726485	-0.2533816788
1050	0.9112750012	-0.2533353139
1051	0.9113023798	-0.2532647862
1052	0.9113576844	-0.2532338395
1053	0.9113278244	-0.2531824574
1054	0.9113673872	-0.2531009481
1055	0.9113820722	-0.2530601877
1056	0.9113838667	-0.2529848436
1057	0.9113881355	-0.2529501888
1058	0.9114606685	-0.2528795619
1059	0.9114809732	-0.2527863922
1060	0.9114826618	-0.2527614265
1061	0.9115159328	-0.252676357
1062	0.9115590768	-0.2526101693
1063	0.9115778677	-0.2525943864
1064	0.9115925314	-0.2525194057
1065	0.9115979877	-0.2524713992
1066	0.9115979877	-0.2524713392
1067	0.9116256157	-0.2524372272
1068	0.9116272879	-0.2523397059
1069	0.911640425	-0.2522404233
1070	0.9116612409	-0.2521729066
1071	0.9116721582	-0.2521263711
1072	0.9116987707	-0.2520027864
1073	0.9117024304	-0.251927182
1074	0.911749835	-0.2518662081
1075	0.911770713	-0.2518427217
1076	0.9117868653	-0.2517766381
1077	0.9117898157	-0.2517106259
1078	0.911752215	-0.2516836849
1079	0.911790492	-0.2516450242
1080	0.9118251961	-0.251597563
1081	0.9118332223	-0.2515592695
1082	0.9118690617	-0.2514930029
1083	0.9119343496	-0.2514333339
1084	0.9119410329	-0.2513944586
1085	0.9119545872	-0.251362192
1086	0.9119320862	-0.2513214572
1087	0.9119411489	-0.251293861
1088	0.911996616	-0.2512306231
1089	0.9120337738	-0.2511559625
1090	0.9120604331	-0.2511107313
1091	0.9120725131	-0.2510324262
1092	0.9120915536	-0.2510105739
1093	0.9121001573	-0.2509727972
1094	0.9121258864	-0.2509041034
1095	0.9121260709	-0.2509040029
1096	0.9121093564	-0.2508583254
1097	0.9121672233	-0.2508136015
1098	0.912184701	-0.2507876225
1099	0.9121673356	-0.2507571455
1100	0.9122061074	-0.2506641514
1101	0.9122054342	-0.2506209905
1102	0.91221704	-0.2506208935
1103	0.9122230754	-0.2506208188
1104	0.9122393711	-0.250543667
1105	0.9123175963	-0.2504665347
1106	0.9123154373	-0.2504664446
1107	0.9123087923	-0.2504203691
1108	0.9123355546	-0.2503154374
1109	0.9123238034	-0.2502943673
1110	0.9123250775	-0.2502599364
1111	0.9123627035	-0.250215358
1112	0.9124038154	-0.2501766252
1113	0.9124259426	-0.2501252997
1114	0.9124115051	-0.2500974859
1115	0.912414698	-0.2500097291
1116	0.9123983381	-0.249973474
1117	0.9124004588	-0.2499734223
1118	0.9124368271	-0.2499313241
1119	0.9124631675	-0.2498953305
1120	0.9124605964	-0.2498554873
1121	0.9124743741	-0.249829234
1122	0.9125287118	-0.2497882192
1123	0.9125112825	-0.2497342208
1124	0.912552877	-0.2496260421
1125	0.9125254333	-0.2495625013
1126	0.9125104673	-0.2494922194
1127	0.9125025101	-0.2494383263
1128	0.9125089222	-0.2494002794
1129	0.9125151259	-0.2493466811
1130	0.9125340036	-0.2493187412
1131	0.9125501281	-0.2492872819
1132	0.9125642352	-0.2492642183
1133	0.912586433	-0.2492366815
1134	0.9125954447	-0.2492185576
1135	0.912641853	-0.2491719307
1136	0.9126447487	-0.2491319279
1137	0.9126346123	-0.249096979
1138	0.9126675898	-0.2490629826
1139	0.9126501752	-0.2490339168
1140	0.9126656184	-0.249010128
1141	0.9126946573	-0.2489809148
1142	0.9126970024	-0.2489504096
1143	0.9127182086	-0.2489217355
1144	0.912727229	-0.2488973949
1145	0.9127637847	-0.2488507354
1146	0.9127608479	-0.2488059441
1147	0.9127557749	-0.2487589597
1148	0.9127653401	-0.2486609602
1149	0.9127629131	-0.2486468313
1150	0.9127961101	-0.2485806691
1151	0.9128261546	-0.2485138982
1152	0.9128298171	-0.248511671
1153	0.9128337856	-0.2484841036
1154	0.9128452243	-0.2484640671
1155	0.9128633715	-0.2484296528
1156	0.9128831357	-0.2483796228
1157	0.9128646408	-0.2483490658
1158	0.9128947583	-0.2482707437
1159	0.9129186628	-0.2482550515
1160	0.9129088253	-0.2482285897
1161	0.9129090246	-0.2481772911
1162	0.9128941149	-0.2481086313
1163	0.91289887	-0.2480904994
1164	0.9129123744	-0.2480763324
1165	0.9129277465	-0.24804557
1166	0.9129557	-0.2480114977
1167	0.9129585992	-0.2479915399
1168	0.9129758669	-0.2479644393
1169	0.9129738044	-0.2479643539
1170	0.9129739181	-0.2479643061
1171	0.912997672	-0.2479128009
1172	0.9129810739	-0.2478983082
1173	0.9130000299	-0.2478615453
1174	0.9130344216	-0.2478168026
1175	0.9130402828	-0.2477941012
1176	0.9130425875	-0.2477632937
1177	0.9130581115	-0.2476815657
1178	0.913100509	-0.2476482707
1179	0.9131179789	-0.2475955745
1180	0.9131186025	-0.2475676588
1181	0.9131143964	-0.2475660924
1182	0.9131313434	-0.2475124676
1183	0.9131167219	-0.2474820751
1184	0.913125438	-0.2474268438
1185	0.9131272045	-0.2474016399
1186	0.9131528644	-0.2473744107
1187	0.9131474355	-0.2473445899
1188	0.9131554764	-0.2472522468
1189	0.9131613629	-0.2472286178
1190	0.9131871385	-0.247205347
1191	0.9131960502	-0.2471756188
1192	0.9131981696	-0.2471755742
1193	0.9131961638	-0.2471755055
1194	0.913224091	-0.2471127173
1195	0.9132831339	-0.247072411
1196	0.9132861678	-0.2470354535
1197	0.9133028593	-0.2469743159
1198	0.9133425207	-0.2469490088
1199	0.9133853761	-0.2469060927
1200	0.9133901838	-0.2468482523
1201	0.9133822364	-0.2468157181
1202	0.9134008354	-0.2467973235
1203	0.9134307961	-0.2467602565
1204	0.913436038	-0.2467304356
1205	0.9134485318	-0.2467287277
1206	0.9134487142	-0.2467286832
1207	0.9134734175	-0.2466954169
1208	0.9134841579	-0.2466709812
1209	0.9135037421	-0.2466479888
1210	0.9134948198	-0.246638072
1211	0.9134982688	-0.2466123454
1212	0.9135158597	-0.2465811598
1213	0.9135323735	-0.2465234692
1214	0.9135323735	-0.2465233833
1215	0.913533632	-0.2464667663
1216	0.9135312175	-0.2464273676
1217	0.9135374492	-0.2463939996
1218	0.9135374492	-0.2463938827
1219	0.9135404476	-0.2463823462
1220	0.9135341787	-0.2463385428
1221	0.9135624298	-0.2463095904
1222	0.9135851681	-0.2462762303
1223	0.9135846405	-0.2461883797
1224	0.9135949161	-0.2461557959
1225	0.9136200706	-0.246113014
1226	0.9136427803	-0.24608135
1227	0.9136608927	-0.2460556408
1228	0.9136861114	-0.2460209064
1229	0.913669129	-0.2460023364
1230	0.9136602388	-0.2459738151
1231	0.9136968091	-0.2459337082
1232	0.9137039819	-0.2459200912
1233	0.9137075219	-0.2458882507
1234	0.9137063496	-0.2458528567
1235	0.9137395996	-0.2458246306
1236	0.9137724509	-0.2457977512
1237	0.9138243756	-0.2457329756
1238	0.9138208043	-0.2457090952
1239	0.9138716357	-0.2456773258
1240	0.9138367207	-0.2456241042
1241	0.9138905917	-0.2455826095
1242	0.9139444579	-0.2455117329
1243	0.9139477694	-0.2455103794
1244	0.9139358146	-0.2454945
1245	0.9139385457	-0.2454750492
1246	0.9139547159	-0.2454480083
1247	0.9139470652	-0.2453958906
1248	0.9139995016	-0.2453517834
1249	0.9140148028	-0.245322884
1250	0.9140191721	-0.2453055867
1251	0.9140224437	-0.2452772829
1252	0.914017933	-0.2452545543
1253	0.9140142814	-0.2452467627
1254	0.9140120351	-0.2452313692
1255	0.9140601021	-0.2452011673
1256	0.9140795078	-0.2451757568
1257	0.9140795078	-0.2451757049
1258	0.9140970092	-0.2451248142
1259	0.9141297909	-0.2450572907
1260	0.9141263898	-0.244957204
1261	0.9141344771	-0.244956732
1262	0.9141278999	-0.2449366058
1263	0.9141070026	-0.2448858088
1264	0.914109122	-0.2448857424
1265	0.9141365363	-0.2448074476
1266	0.9141366849	-0.2447912547
1267	0.9141348639	-0.2447912039
1268	0.9141866665	-0.2447293059
1269	0.9141850879	-0.2446617717
1270	0.9142168024	-0.2445918961
1271	0.9142716125	-0.2445107343
1272	0.914261206	-0.2444787262
1273	0.9142869878	-0.2444380854
1274	0.9143153122	-0.2443541381
1275	0.9143400778	-0.2442951393
1276	0.914322997	-0.2442155162
1277	0.9143581253	-0.2441996049
1278	0.9143650555	-0.2441689549
1279	0.9143438562	-0.2441248467
1280	0.9143664985	-0.2440754453
1281	0.9143741302	-0.2440557079
1282	0.9143760165	-0.2440105669
1283	0.91438425	-0.2439894131
1284	0.9144019713	-0.2439232067
1285	0.9144258286	-0.2439047532
1286	0.914430026	-0.2438898259
1287	0.9144409127	-0.2438668674
1288	0.914470443	-0.2438128097
1289	0.9144839081	-0.2437861645
1290	0.9144894451	-0.2437468114
1291	0.9144907267	-0.2437296053
1292	0.914504092	-0.243665656
1293	0.9145621081	-0.2436251784
1294	0.9145715913	-0.2435958071
1295	0.9145893329	-0.243550527
1296	0.9145836841	-0.2435274356
1297	0.9145631617	-0.2434872047
1298	0.914556034	-0.2434347308
1299	0.9145821435	-0.2433879964
1300	0.9145800565	-0.2433879575
1301	0.9145905726	-0.2433369179
1302	0.914590592	-0.2433368368
1303	0.9145873444	-0.2433018074
1304	0.9145938271	-0.2433012255
1305	0.9146081591	-0.2432717
1306	0.9146202723	-0.2432704653
1307	0.9146527074	-0.2432017781
1308	0.9146395546	-0.2431861932
1309	0.914629551	-0.2431602943
1310	0.9146619881	-0.24313158
1311	0.9146604313	-0.2430732542
1312	0.9146764194	-0.2430518027
1313	0.9147007236	-0.243027015
1314	0.9147307125	-0.2430067035
1315	0.9147257436	-0.2429811318
1316	0.9147362277	-0.2429680396
1317	0.9146905548	-0.2429353368
1318	0.9146914277	-0.242890078
1319	0.914691419	-0.2428900186
1320	0.9147135235	-0.2428713545
1321	0.9147050035	-0.2428581777
1322	0.9147066085	-0.2427878952
1323	0.914743274	-0.2427311588
1324	0.9147711294	-0.242714258
1325	0.9147596912	-0.2426967832
1326	0.9147338978	-0.2426770838
1327	0.9147903448	-0.2426358835
1328	0.9148031787	-0.242606206
1329	0.9148408718	-0.2425557639
1330	0.9148892545	-0.2424998039
1331	0.914909665	-0.2424480267
1332	0.914904504	-0.242404572
1333	0.9149032802	-0.2423837303
1334	0.9149143489	-0.2423696538
1335	0.9149585846	-0.2423392423
1336	0.9149704394	-0.2423089556
1337	0.9149960146	-0.242239473
1338	0.9149981924	-0.2422378559
1339	0.9150052279	-0.2422137157
1340	0.9150109784	-0.2421792893
1341	0.915017109	-0.2421268581
1342	0.9150273199	-0.2420929893
1343	0.9150369304	-0.2420691842
1344	0.9150471379	-0.2420525522
1345	0.9150232121	-0.242008788
1346	0.9150252038	-0.2420087175
1347	0.9150356658	-0.2419672228
1348	0.9150227333	-0.2419497151
1349	0.9150105834	-0.2418933665
1350	0.9150105834	-0.2418933237
1351	0.9150091395	-0.2418483614
1352	0.9150112371	-0.2418352305
1353	0.9150345763	-0.2417941936
1354	0.9150375498	-0.2417714335
1355	0.91504665	-0.2417353689
1356	0.915057508	-0.2416910697
1357	0.9150590044	-0.2416522964
1358	0.9150837049	-0.2415478664
1359	0.9150837049	-0.2415478207
1360	0.9151134238	-0.2415068549
1361	0.9151158943	-0.2414674179
1362	0.9151727148	-0.2414073171
1363	0.9151894479	-0.2413791332
1364	0.9151992318	-0.2413564306
1365	0.9151985638	-0.2413285892
1366	0.9152249303	-0.2413031486
1367	0.9152320848	-0.2412570085
1368	0.9152454816	-0.2412158998
1369	0.9152628745	-0.2411762165
1370	0.9152822449	-0.2411259653
1371	0.9152987674	-0.2410921268
1372	0.915299634	-0.2410200952
1373	0.9153299597	-0.240987319
1374	0.915336544	-0.2409613672
1375	0.9153562762	-0.2409407652
1376	0.9153543538	-0.2409204149
1377	0.9153586709	-0.2408873707
1378	0.9153516381	-0.2408703684
1379	0.9153487443	-0.2408516537
1380	0.9153760463	-0.2408091602
1381	0.9153744769	-0.2407652648
1382	0.9153930172	-0.2407512086
1383	0.9154213198	-0.2407219753
1384	0.9154341678	-0.2406920175
1385	0.9154378608	-0.2406404218
1386	0.9154566169	-0.2406330834
1387	0.9154597302	-0.2406110527
1388	0.9154709153	-0.2405842335
1389	0.9154665327	-0.2405590025
1390	0.9154769384	-0.240525482
1391	0.9154985817	-0.2405170858
1392	0.915502426	-0.2404819672
1393	0.915498095	-0.2404771651
1394	0.9154935075	-0.2404625617
1395	0.9155074764	-0.2403982688
1396	0.915514882	-0.2403324636
1397	0.9155351397	-0.2403094068
1398	0.9155245004	-0.2402408136
1399	0.9155169524	-0.2402226015
1400	0.9155232538	-0.2402173628
1401	0.9155492949	-0.2401383145
1402	0.9155481891	-0.2401072359
1403	0.9155540649	-0.2400981274
1404	0.9155661213	-0.2400502938
1405	0.9155668331	-0.2400093774
1406	0.915576872	-0.2399911262
1407	0.9156066445	-0.2399626772
1408	0.9156390104	-0.2399270705
1409	0.9156567057	-0.2399049619
1410	0.9156603909	-0.2398618181
1411	0.9156690441	-0.2398213367
1412	0.9156749416	-0.2397744966
1413	0.9156740349	-0.2397440113
1414	0.9156756469	-0.2397210809
1415	0.915696112	-0.2396750248
1416	0.915696112	-0.2396749802
1417	0.9157025558	-0.2396385544
1418	0.9157047565	-0.2396385008
1419	0.9156998625	-0.2396029128
1420	0.9157170828	-0.2395843321
1421	0.9157187073	-0.2395708452
1422	0.9157238445	-0.2395373085
1423	0.9157700611	-0.2394936207
1424	0.9157585087	-0.2394881093
1425	0.9157657545	-0.2394733378
1426	0.9157739437	-0.2394527461
1427	0.9157851926	-0.2394104657
1428	0.9158139557	-0.239330761
1429	0.9158235176	-0.2392974227
1430	0.9158337763	-0.2392730705
1431	0.9158237123	-0.239235074
1432	0.9158448617	-0.2392186162
1433	0.9158483821	-0.2391573584
1434	0.9158416108	-0.2391248618
1435	0.9158267077	-0.2391001903
1436	0.9158570698	-0.2390667203
1437	0.9158895224	-0.2390270284
1438	0.9158999363	-0.239007937
1439	0.9159096911	-0.2389751344
1440	0.9158906344	-0.2389242325
1441	0.9159033609	-0.2389040083
1442	0.9159448384	-0.2388277859
1443	0.9159536311	-0.2388098711
1444	0.9159504421	-0.2387275661
1445	0.9159504421	-0.2387275188
1446	0.9159689246	-0.2387139769
1447	0.9159587477	-0.2386882265
1448	0.9159801751	-0.238675766
1449	0.9159872287	-0.2386355172
1450	0.9159872287	-0.2386354501
1451	0.9159829414	-0.2386278231
1452	0.9159855254	-0.2386133123
1453	0.9159874787	-0.2385809477
1454	0.9159992022	-0.2385752322
1455	0.916052936	-0.2385452974
1456	0.9160092847	-0.2385020914
1457	0.9160142557	-0.2384848044
1458	0.9160526403	-0.2384585617
1459	0.9160717463	-0.2384226834
1460	0.9160884931	-0.2383787061
1461	0.9160950523	-0.2383567604
1462	0.9161130729	-0.2383415216
1463	0.916115729	-0.2383275288
1464	0.9161439502	-0.2382861933
1465	0.9161321708	-0.2382423799
1466	0.9161275734	-0.2382416955
1467	0.9161110867	-0.2382219584
1468	0.9161175205	-0.2382219232
1469	0.9161131052	-0.2382101533
1470	0.916112676	-0.2382097616
1471	0.9161149902	-0.238198851
1472	0.9161497516	-0.2381608559
1473	0.9161670496	-0.2381490778
1474	0.9161653062	-0.238130742
1475	0.9161956389	-0.2380989188
1476	0.9161959665	-0.238083249
1477	0.9162091278	-0.2380157379
1478	0.9162117648	-0.2379996924
1479	0.9162373039	-0.2379571381
1480	0.9162742432	-0.2378964592
1481	0.9162851888	-0.2378667311
1482	0.9162955031	-0.2378025376
1483	0.9163106633	-0.2377666811
1484	0.9163010766	-0.2377306312
1485	0.916292093	-0.2377167759
1486	0.9162887863	-0.2377014401
1487	0.9162903421	-0.2376943403
1488	0.9163533514	-0.2376522731
1489	0.9163536696	-0.2376488372
1490	0.9163350375	-0.2376287299
1491	0.9163300178	-0.2376266229
1492	0.9163300178	-0.2376265791
1493	0.9163380236	-0.2376238396
1494	0.9163549476	-0.2375854451
1495	0.9163473509	-0.2375693452
1496	0.9163791651	-0.2375490876
1497	0.9163467308	-0.2375237057
1498	0.9163449054	-0.2375236619
1499	0.9163817737	-0.23749163
1500	0.9163891542	-0.2374596349
1501	0.9163931087	-0.2374423426
1502	0.9164051845	-0.2373652863
1503	0.9164192823	-0.2373382959
1504	0.9164384482	-0.2372263305
1505	0.9164413985	-0.2372227902
1506	0.9164471148	-0.2371787323
1507	0.9164602448	-0.2371631306
1508	0.9164600891	-0.2371618861
1509	0.9164695604	-0.2371412056
1510	0.9164758498	-0.2371101172
1511	0.9164783326	-0.2370963507
1512	0.9164929711	-0.2370883756
1513	0.9165051019	-0.2370437135
1514	0.9164993939	-0.2370389867
1515	0.9165113275	-0.2369934749
1516	0.9165363322	-0.2369734971
1517	0.9165308372	-0.2369433935
1518	0.9165359187	-0.236910502
1519	0.9165454659	-0.2368568909
1520	0.9165357437	-0.2368428351
1521	0.9165061512	-0.2368120233
1522	0.9165495719	-0.236773895
1523	0.9165788225	-0.236749144
1524	0.9165766151	-0.2367178548
1525	0.9165937508	-0.2366829289
1526	0.9166012044	-0.236665442
1527	0.9166227259	-0.236635944
1528	0.9166108438	-0.2366186265
1529	0.916607385	-0.236586422
1530	0.9166074006	-0.2365652547
1531	0.9166213914	-0.2365309959
1532	0.9166079487	-0.236515811
1533	0.9166466558	-0.2364775245
1534	0.9166445356	-0.2364212803
1535	0.9166984857	-0.2363022093
1536	0.9166928529	-0.2362815578
1537	0.9167183878	-0.2362459122
1538	0.9167093833	-0.2362371769
1539	0.9167172739	-0.2362364675
1540	0.9167556848	-0.236200011
1541	0.9167567382	-0.2361727431
1542	0.9167493324	-0.2361431407
1543	0.9167655071	-0.2360934445
1544	0.9167921451	-0.236030334
1545	0.916795269	-0.2360083394
1546	0.9167890669	-0.2359782955
1547	0.916791316	-0.2359782304
1548	0.916791316	-0.235978183
1549	0.9168387444	-0.2359492062
1550	0.9168452705	-0.2359212574
1551	0.9168391416	-0.2358930239
1552	0.9168524084	-0.235870015
1553	0.9168539192	-0.235844973
1554	0.9168617575	-0.2358260276
1555	0.9168617575	-0.2358259889
1556	0.9168607045	-0.2358091583
1557	0.9168670419	-0.2358086484
1558	0.916862538	-0.2357783696
1559	0.9168924139	-0.2357440482
1560	0.9169007173	-0.2357298479
1561	0.9169032288	-0.2356979258
1562	0.91691649	-0.2356337957
1563	0.9169209869	-0.235633759
1564	0.9169209869	-0.2356337176
1565	0.9168935757	-0.2356055843
1566	0.9169009544	-0.2355780268
1567	0.9169378648	-0.2355576486
1568	0.9169396332	-0.2355575971
1569	0.9169137107	-0.2355288201
1570	0.9169167404	-0.2355126996
1571	0.9169781064	-0.2354512348
1572	0.9169855125	-0.2354381732
1573	0.9169768086	-0.2354140487
1574	0.9169608064	-0.2353970869
1575	0.9169607421	-0.2353970414
1576	0.9169714239	-0.2353958097
1577	0.9169659637	-0.2353660815
1578	0.9169628468	-0.2353436086
1579	0.9169890137	-0.2353222989
1580	0.9169827504	-0.2352960473
1581	0.9170033517	-0.2352838279
1582	0.9170189232	-0.2352301914
1583	0.9170304273	-0.2352106495
1584	0.9170836663	-0.2351920156
1585	0.9170720112	-0.2351746496
1586	0.9170964711	-0.2351484946
1587	0.9170824942	-0.2351263907
1588	0.917095319	-0.2350883734
1589	0.9171304905	-0.2350513781
1590	0.9171424094	-0.2350316884
1591	0.9171293217	-0.2350212637
1592	0.9171244792	-0.2349991191
1593	0.9171436684	-0.2349598413
1594	0.9171751936	-0.2349418819
1595	0.9171793643	-0.2348977616
1596	0.9171793643	-0.2348977184
1597	0.9171975763	-0.2348697914
1598	0.9171899917	-0.2348474154
1599	0.9171915346	-0.2348309061
1600	0.9172056872	-0.2348104635
1601	0.9172098279	-0.2347970107
1602	0.9171942051	-0.2347703081
1603	0.9172156636	-0.234709681
1604	0.9172400621	-0.2346894868
1605	0.9172377168	-0.234684157
1606	0.9172377168	-0.2346840951
1607	0.917267447	-0.2346538917
1608	0.9172956989	-0.234630911
1609	0.9173207001	-0.2346172331
1610	0.9173009689	-0.2345685909
1611	0.9173055197	-0.2345638182
1612	0.9173055197	-0.2345637454
1613	0.9173371286	-0.2345363047
1614	0.9173433414	-0.2345218444
1615	0.9173403241	-0.2344985676
1616	0.9173417039	-0.2344857303
1617	0.9173754141	-0.2344753777
1618	0.9173754141	-0.2344753036
1619	0.9173640842	-0.2344722419
1620	0.9173790388	-0.2344558693
1621	0.917388297	-0.2344214662
1622	0.9173924536	-0.2343890282
1623	0.9173903088	-0.234388994
1624	0.9173904074	-0.2343739049
1625	0.9174137283	-0.2343548117
1626	0.9174280545	-0.2343383415
1627	0.9174079177	-0.2343349874
1628	0.9174059502	-0.2343168508
1629	0.9174046575	-0.2342515778
1630	0.91743288	-0.2342247086
1631	0.917423661	-0.2341940805
1632	0.917435431	-0.2341768854
1633	0.9174407261	-0.2341534546
1634	0.9174429219	-0.2341341561
1635	0.9174472111	-0.2341341105
1636	0.9174745134	-0.2341037896
1637	0.917478105	-0.2341023861
1638	0.917476744	-0.2341013521
1639	0.9174687838	-0.2340663609
1640	0.9174691151	-0.2340608301
1641	0.917444372	-0.2340380413
1642	0.9174822549	-0.2340244
1643	0.9174669232	-0.233993879
1644	0.9174581667	-0.2339315752
1645	0.9174549719	-0.2339137869
1646	0.9174756099	-0.2338699029
1647	0.9174688351	-0.2338384143
1648	0.9174862161	-0.2338045943
1649	0.9174828267	-0.2337880512
1650	0.9174812921	-0.2337627489
1651	0.9174986963	-0.2337309627
1652	0.9174887539	-0.2337106785
1653	0.9175038193	-0.2336941104
1654	0.9175372272	-0.2336725115
1655	0.9175443672	-0.2336047967
1656	0.9175622009	-0.2335890957
1657	0.9175593492	-0.2335779062
1658	0.9176057087	-0.2335208917
1659	0.9176014294	-0.2334977999
1660	0.9176011815	-0.2334614475
1661	0.9175928397	-0.2333946645
1662	0.9176149109	-0.2333727039
1663	0.917629268	-0.2333522121
1664	0.9176203404	-0.2333442007
1665	0.9176407851	-0.2333405885
1666	0.9176233872	-0.2333237489
1667	0.917651334	-0.2333080294
1668	0.9176620211	-0.2332973297
1669	0.9176698616	-0.2332671836
1670	0.9177074623	-0.2332388528
1671	0.9177129206	-0.2332237237
1672	0.9177309563	-0.2332093155
1673	0.917739274	-0.2331777262
1674	0.9177273111	-0.2331535926
1675	0.917729785	-0.2331326063
1676	0.9177392995	-0.2330991232
1677	0.9177529381	-0.2330655069
1678	0.9177516231	-0.2330611685
1679	0.9177680911	-0.2330461474
1680	0.9177639443	-0.2330449517
1681	0.9177637483	-0.2330383525
1682	0.9177696402	-0.2329783692
1683	0.9177765558	-0.2329657456
1684	0.91782016	-0.2329333586
1685	0.9178448788	-0.2329046391
1686	0.9178409471	-0.2328782633
1687	0.917868116	-0.2328582508
1688	0.9178747544	-0.2328380842
1689	0.9178822777	-0.2328242682
1690	0.9178934505	-0.2328217384
1691	0.9178805564	-0.2328206373
1692	0.9178982754	-0.232772819
1693	0.9178937748	-0.2327412744
1694	0.9179074009	-0.2327209798
1695	0.9179087214	-0.2327096375
1696	0.9179567505	-0.2326702546
1697	0.9179431801	-0.2326640119
1698	0.9179377011	-0.232643062
1699	0.9179558099	-0.2326314635
1700	0.9179667768	-0.2326252096
1701	0.9179521451	-0.2325957939
1702	0.9179670946	-0.2325823562
1703	0.9179769559	-0.23257816
1704	0.9179718645	-0.2325686679
1705	0.9179624602	-0.2325573123
1706	0.9179583181	-0.2325454652
1707	0.9179472735	-0.2325348924
1708	0.9179705545	-0.2324752032
1709	0.9179551052	-0.2324660021
1710	0.9179732089	-0.2324365786
1711	0.9179945708	-0.2323984967
1712	0.9179945708	-0.2323984308
1713	0.9179825293	-0.2323745813
1714	0.9180172208	-0.2323572098
1715	0.9180196813	-0.2323476237
1716	0.9180334467	-0.232337697
1717	0.9180611736	-0.2323161818
1718	0.918090783	-0.2322563099
1719	0.9180841803	-0.2322434574
1720	0.9181054736	-0.2321891415
1721	0.9181094079	-0.2321559244
1722	0.9181096863	-0.2321379448
1723	0.9181396799	-0.2321086924
1724	0.9181235272	-0.2321048485
1725	0.9181299865	-0.2321004263
1726	0.9181343014	-0.2320986628
1727	0.9181438547	-0.2320341186
1728	0.9181629256	-0.2319834128
1729	0.9181760134	-0.2319519983
1730	0.9181655701	-0.2319344231
1731	0.9181529341	-0.2319289055
1732	0.918154199	-0.2318961481
1733	0.9181666801	-0.2318798942
1734	0.9181800524	-0.2318758793
1735	0.9181930077	-0.2318569188
1736	0.9182111164	-0.231846218
1737	0.9182059633	-0.2318348121
1738	0.9181977892	-0.2318343811
1739	0.9182065844	-0.2317989216
1740	0.9182491804	-0.2317634409
1741	0.9182583388	-0.2317482428
1742	0.918242244	-0.2317109329
1743	0.9182587987	-0.2316932438
1744	0.9182587132	-0.2316905107
1745	0.9182638264	-0.2316241152
1746	0.9182807321	-0.2316087669
1747	0.9182791133	-0.2316034315
1748	0.9182755056	-0.2315921975
1749	0.9182979108	-0.2315563488
1750	0.9183077893	-0.2315512311
1751	0.9183024367	-0.2315220441
1752	0.9182978423	-0.2314929567
1753	0.9182803028	-0.231478579
1754	0.9182785623	-0.2314662895
1755	0.9183128663	-0.2314525656
1756	0.9183123912	-0.2314424051
1757	0.9182983212	-0.2314153618
1758	0.9183063512	-0.2313766641
1759	0.9183014779	-0.2313507361
1760	0.9183365125	-0.2313347653
1761	0.9183544446	-0.2312803648
1762	0.9183661707	-0.2312662935
1763	0.9183746427	-0.2312554237
1764	0.918393032	-0.2312402516
1765	0.9183809504	-0.2312242683
1766	0.9183698913	-0.2312211272
1767	0.9183908326	-0.2311901201
1768	0.9184005021	-0.2311897763
1769	0.9184150811	-0.2311620547
1770	0.9184043108	-0.2311459311
1771	0.9184021933	-0.2311035803
1772	0.9184417902	-0.2310874415
1773	0.9184396656	-0.2310830128
1774	0.9184403569	-0.2310461332
1775	0.9184432841	-0.2310134361
1776	0.9184910992	-0.2309607898
1777	0.9184741005	-0.2309437739
1778	0.9184553763	-0.2309229364
1779	0.9185082643	-0.2308987505
1780	0.9185063853	-0.2308986939
1781	0.9184998291	-0.230874425
1782	0.9185313936	-0.2308618569
1783	0.9185093227	-0.2308467576
1784	0.9184864337	-0.2308291461
1785	0.9185334648	-0.2307820758
1786	0.9185511565	-0.2307309938
1787	0.9185404141	-0.2307149248
1788	0.9185451561	-0.2307139492
1789	0.9185469992	-0.2307029573
1790	0.9185819518	-0.2306882522
1791	0.9185738665	-0.2306784077
1792	0.918603815	-0.2306605488
1793	0.9185908203	-0.2306342731
1794	0.9185803057	-0.2306226491
1795	0.9185848276	-0.2306217012
1796	0.9186090802	-0.2306059182
1797	0.9186054656	-0.230568481
1798	0.9186080561	-0.2305420076
1799	0.9186151463	-0.2305316162
1800	0.9186340186	-0.2304953406
1801	0.9186196346	-0.2304892019
1802	0.9186527964	-0.2304528919
1803	0.9186448872	-0.230441236
1804	0.918635064	-0.230423031
1805	0.9186775057	-0.2303715421
